,problem,num_qubits,shots,created_time,end_time,time_ms,usage_estimation,results,metadata,error_data,counts,target_string,fidelity
0,Grover's Algorithm,3,2048,2026-02-10T15:03:30.780Z,2026-02-10T15:03:35.708Z,5619.384,,"{'101': 78, '000': 1509, '001': 53, '011': 120, '100': 89, '111': 43, '110': 58, '010': 98}","Iterations: 1, Target string: 000","{'q113': {'T1': 0.000449796774534051, 'T2': 0.0003859991104948635, 'readout_error': 0.0042724609375}, 'q114': {'T1': 0.0003291754039385179, 'T2': 0.0004129809203181829, 'readout_error': 0.0025634765625}, 'q112': {'T1': 0.00031988513288904857, 'T2': 0.0003672802813560044, 'readout_error': 0.0015869140625}}","{'101': 78, '000': 1509, '001': 53, '011': 120, '100': 89, '111': 43, '110': 58, '010': 98}",000,0.73681640625
1,Grover's Algorithm,3,2048,2026-02-10T15:03:47.397Z,2026-02-10T15:03:52.170Z,5357.338,3.532116582,"{'010': 1509, '110': 39, '001': 131, '100': 69, '000': 118, '111': 44, '011': 95, '101': 43}","Iterations: 1, Target string: 010","{'q114': {'T1': 0.0003291754039385179, 'T2': 0.0004129809203181829, 'readout_error': 0.0025634765625}, 'q113': {'T1': 0.000449796774534051, 'T2': 0.0003859991104948635, 'readout_error': 0.0042724609375}, 'q112': {'T1': 0.00031988513288904857, 'T2': 0.0003672802813560044, 'readout_error': 0.0015869140625}}","{'010': 1509, '110': 39, '001': 131, '100': 69, '000': 118, '111': 44, '011': 95, '101': 43}",010,0.73681640625
2,Grover's Algorithm,3,2048,2026-02-10T15:04:04.112Z,2026-02-10T15:04:09.133Z,5552.675,3.532116582,"{'111': 101, '100': 67, '101': 1344, '011': 77, '000': 123, '001': 193, '010': 76, '110': 67}","Iterations: 1, Target string: 101","{'q114': {'T1': 0.0003291754039385179, 'T2': 0.0004129809203181829, 'readout_error': 0.0025634765625}, 'q113': {'T1': 0.000449796774534051, 'T2': 0.0003859991104948635, 'readout_error': 0.0042724609375}, 'q112': {'T1': 0.00031988513288904857, 'T2': 0.0003672802813560044, 'readout_error': 0.0015869140625}}","{'111': 101, '100': 67, '101': 1344, '011': 77, '000': 123, '001': 193, '010': 76, '110': 67}",101,0.65625
3,Grover's Algorithm,3,2048,2026-02-10T15:04:20.915Z,2026-02-10T15:04:26.634Z,6319.225,3.532116582,"{'110': 1281, '010': 180, '011': 125, '101': 82, '001': 124, '100': 122, '000': 87, '111': 47}","Iterations: 1, Target string: 110","{'q114': {'T1': 0.0003291754039385179, 'T2': 0.0004129809203181829, 'readout_error': 0.0025634765625}, 'q113': {'T1': 0.000449796774534051, 'T2': 0.0003859991104948635, 'readout_error': 0.0042724609375}, 'q112': {'T1': 0.00031988513288904857, 'T2': 0.0003672802813560044, 'readout_error': 0.0015869140625}}","{'110': 1281, '010': 180, '011': 125, '101': 82, '001': 124, '100': 122, '000': 87, '111': 47}",110,0.62548828125
4,Grover's Algorithm,3,2048,2026-02-10T15:04:38.840Z,2026-02-10T15:04:44.003Z,6406.756,,"{'101': 1416, '001': 192, '110': 82, '011': 45, '010': 66, '111': 115, '100': 60, '000': 72}","Iterations: 1, Target string: 101","{'q112': {'T1': 0.00031988513288904857, 'T2': 0.0003672802813560044, 'readout_error': 0.0015869140625}, 'q113': {'T1': 0.000449796774534051, 'T2': 0.0003859991104948635, 'readout_error': 0.0042724609375}, 'q114': {'T1': 0.0003291754039385179, 'T2': 0.0004129809203181829, 'readout_error': 0.0025634765625}}","{'101': 1416, '001': 192, '110': 82, '011': 45, '010': 66, '111': 115, '100': 60, '000': 72}",101,0.69140625
5,Grover's Algorithm,3,2048,2026-02-10T15:04:55.992Z,2026-02-10T15:05:01.934Z,6447.075,,"{'110': 1201, '001': 119, '101': 104, '000': 121, '010': 178, '011': 146, '100': 129, '111': 50}","Iterations: 1, Target string: 110","{'q114': {'T1': 0.0003291754039385179, 'T2': 0.0004129809203181829, 'readout_error': 0.0025634765625}, 'q113': {'T1': 0.000449796774534051, 'T2': 0.0003859991104948635, 'readout_error': 0.0042724609375}, 'q112': {'T1': 0.00031988513288904857, 'T2': 0.0003672802813560044, 'readout_error': 0.0015869140625}}","{'110': 1201, '001': 119, '101': 104, '000': 121, '010': 178, '011': 146, '100': 129, '111': 50}",110,0.58642578125
6,Grover's Algorithm,3,2048,2026-02-10T15:05:13.660Z,2026-02-10T15:05:19.855Z,6796.079,,"{'001': 1430, '101': 79, '000': 148, '111': 76, '011': 93, '100': 67, '110': 57, '010': 98}","Iterations: 1, Target string: 001","{'q113': {'T1': 0.000449796774534051, 'T2': 0.0003859991104948635, 'readout_error': 0.0042724609375}, 'q112': {'T1': 0.00031988513288904857, 'T2': 0.0003672802813560044, 'readout_error': 0.0015869140625}, 'q114': {'T1': 0.0003291754039385179, 'T2': 0.0004129809203181829, 'readout_error': 0.0025634765625}}","{'001': 1430, '101': 79, '000': 148, '111': 76, '011': 93, '100': 67, '110': 57, '010': 98}",001,0.6982421875
7,Grover's Algorithm,3,2048,2026-02-10T15:05:31.703Z,2026-02-10T15:05:37.260Z,6077.797,,"{'010': 1503, '001': 137, '101': 56, '111': 45, '011': 80, '100': 67, '000': 115, '110': 45}","Iterations: 1, Target string: 010","{'q114': {'T1': 0.0003291754039385179, 'T2': 0.0004129809203181829, 'readout_error': 0.0025634765625}, 'q113': {'T1': 0.000449796774534051, 'T2': 0.0003859991104948635, 'readout_error': 0.0042724609375}, 'q112': {'T1': 0.00031988513288904857, 'T2': 0.0003672802813560044, 'readout_error': 0.0015869140625}}","{'010': 1503, '001': 137, '101': 56, '111': 45, '011': 80, '100': 67, '000': 115, '110': 45}",010,0.73388671875
8,Grover's Algorithm,3,2048,2026-02-10T15:05:49.254Z,2026-02-10T15:05:53.823Z,5358.469,,"{'010': 1517, '101': 34, '100': 37, '001': 140, '111': 27, '011': 67, '000': 151, '110': 75}","Iterations: 1, Target string: 010","{'q112': {'T1': 0.00031988513288904857, 'T2': 0.0003672802813560044, 'readout_error': 0.0015869140625}, 'q113': {'T1': 0.000449796774534051, 'T2': 0.0003859991104948635, 'readout_error': 0.0042724609375}, 'q114': {'T1': 0.0003291754039385179, 'T2': 0.0004129809203181829, 'readout_error': 0.0025634765625}}","{'010': 1517, '101': 34, '100': 37, '001': 140, '111': 27, '011': 67, '000': 151, '110': 75}",010,0.74072265625
9,Grover's Algorithm,3,2048,2026-02-10T15:06:05.615Z,2026-02-10T15:06:11.928Z,6786.56,,"{'111': 1323, '001': 78, '010': 92, '011': 181, '000': 103, '101': 121, '110': 70, '100': 80}","Iterations: 1, Target string: 111","{'q114': {'T1': 0.0003291754039385179, 'T2': 0.0004129809203181829, 'readout_error': 0.0025634765625}, 'q113': {'T1': 0.000449796774534051, 'T2': 0.0003859991104948635, 'readout_error': 0.0042724609375}, 'q112': {'T1': 0.00031988513288904857, 'T2': 0.0003672802813560044, 'readout_error': 0.0015869140625}}","{'111': 1323, '001': 78, '010': 92, '011': 181, '000': 103, '101': 121, '110': 70, '100': 80}",111,0.64599609375
10,Grover's Algorithm,3,2048,2026-02-10T15:06:23.599Z,2026-02-10T15:06:28.505Z,5385.535,,"{'101': 1387, '011': 64, '111': 134, '001': 113, '000': 93, '010': 87, '100': 89, '110': 81}","Iterations: 1, Target string: 101","{'q113': {'T1': 0.000449796774534051, 'T2': 0.0003859991104948635, 'readout_error': 0.0042724609375}, 'q112': {'T1': 0.00031988513288904857, 'T2': 0.0003672802813560044, 'readout_error': 0.0015869140625}, 'q114': {'T1': 0.0003291754039385179, 'T2': 0.0004129809203181829, 'readout_error': 0.0025634765625}}","{'101': 1387, '011': 64, '111': 134, '001': 113, '000': 93, '010': 87, '100': 89, '110': 81}",101,0.67724609375
11,Grover's Algorithm,3,2048,2026-02-10T15:06:40.258Z,2026-02-10T15:06:45.257Z,5593.049,,"{'100': 1491, '111': 114, '011': 59, '000': 130, '110': 137, '010': 39, '101': 36, '001': 42}","Iterations: 1, Target string: 100","{'q113': {'T1': 0.000449796774534051, 'T2': 0.0003859991104948635, 'readout_error': 0.0042724609375}, 'q114': {'T1': 0.0003291754039385179, 'T2': 0.0004129809203181829, 'readout_error': 0.0025634765625}, 'q112': {'T1': 0.00031988513288904857, 'T2': 0.0003672802813560044, 'readout_error': 0.0015869140625}}","{'100': 1491, '111': 114, '011': 59, '000': 130, '110': 137, '010': 39, '101': 36, '001': 42}",100,0.72802734375
12,Grover's Algorithm,3,2048,2026-02-10T15:06:57.407Z,2026-02-10T15:07:02.388Z,5794.13,,"{'000': 1458, '110': 78, '100': 108, '010': 82, '111': 58, '001': 123, '011': 95, '101': 46}","Iterations: 1, Target string: 000","{'q113': {'T1': 0.000449796774534051, 'T2': 0.0003859991104948635, 'readout_error': 0.0042724609375}, 'q112': {'T1': 0.00031988513288904857, 'T2': 0.0003672802813560044, 'readout_error': 0.0015869140625}, 'q114': {'T1': 0.0003291754039385179, 'T2': 0.0004129809203181829, 'readout_error': 0.0025634765625}}","{'000': 1458, '110': 78, '100': 108, '010': 82, '111': 58, '001': 123, '011': 95, '101': 46}",000,0.7119140625
13,Grover's Algorithm,3,2048,2026-02-10T15:07:14.105Z,2026-02-10T15:07:19.059Z,5445.675,,"{'100': 1334, '111': 56, '001': 120, '110': 116, '000': 186, '011': 107, '010': 81, '101': 48}","Iterations: 1, Target string: 100","{'q114': {'T1': 0.0003291754039385179, 'T2': 0.0004129809203181829, 'readout_error': 0.0025634765625}, 'q113': {'T1': 0.000449796774534051, 'T2': 0.0003859991104948635, 'readout_error': 0.0042724609375}, 'q112': {'T1': 0.00031988513288904857, 'T2': 0.0003672802813560044, 'readout_error': 0.0015869140625}}","{'100': 1334, '111': 56, '001': 120, '110': 116, '000': 186, '011': 107, '010': 81, '101': 48}",100,0.6513671875
14,Grover's Algorithm,3,2048,2026-02-10T15:07:31.006Z,2026-02-10T15:07:36.574Z,6222.881,,"{'001': 1410, '000': 152, '111': 98, '011': 80, '010': 115, '100': 48, '101': 88, '110': 57}","Iterations: 1, Target string: 001","{'q113': {'T1': 0.000449796774534051, 'T2': 0.0003859991104948635, 'readout_error': 0.0042724609375}, 'q112': {'T1': 0.00031988513288904857, 'T2': 0.0003672802813560044, 'readout_error': 0.0015869140625}, 'q114': {'T1': 0.0003291754039385179, 'T2': 0.0004129809203181829, 'readout_error': 0.0025634765625}}","{'001': 1410, '000': 152, '111': 98, '011': 80, '010': 115, '100': 48, '101': 88, '110': 57}",001,0.6884765625
15,Grover's Algorithm,3,2048,2026-02-10T15:07:48.198Z,2026-02-10T15:07:57.526Z,11959.982,,"{'101': 1304, '000': 118, '100': 72, '111': 123, '110': 65, '010': 105, '001': 193, '011': 68}","Iterations: 1, Target string: 101","{'q114': {'T1': 0.0003291754039385179, 'T2': 0.0004129809203181829, 'readout_error': 0.0025634765625}, 'q113': {'T1': 0.000449796774534051, 'T2': 0.0003859991104948635, 'readout_error': 0.0042724609375}, 'q112': {'T1': 0.00031988513288904857, 'T2': 0.0003672802813560044, 'readout_error': 0.0015869140625}}","{'101': 1304, '000': 118, '100': 72, '111': 123, '110': 65, '010': 105, '001': 193, '011': 68}",101,0.63671875
16,Grover's Algorithm,3,2048,2026-02-10T15:08:11.759Z,2026-02-10T15:08:16.889Z,5898.51,,"{'110': 1474, '100': 148, '011': 48, '111': 46, '101': 111, '010': 135, '000': 42, '001': 44}","Iterations: 1, Target string: 110","{'q113': {'T1': 0.000449796774534051, 'T2': 0.0003859991104948635, 'readout_error': 0.0042724609375}, 'q114': {'T1': 0.0003291754039385179, 'T2': 0.0004129809203181829, 'readout_error': 0.0025634765625}, 'q112': {'T1': 0.00031988513288904857, 'T2': 0.0003672802813560044, 'readout_error': 0.0015869140625}}","{'110': 1474, '100': 148, '011': 48, '111': 46, '101': 111, '010': 135, '000': 42, '001': 44}",110,0.7197265625
17,Grover's Algorithm,3,2048,2026-02-10T15:08:28.605Z,2026-02-10T15:08:33.603Z,5397.006,,"{'001': 1425, '111': 82, '000': 170, '101': 89, '011': 81, '010': 84, '100': 50, '110': 67}","Iterations: 1, Target string: 001","{'q113': {'T1': 0.000449796774534051, 'T2': 0.0003859991104948635, 'readout_error': 0.0042724609375}, 'q112': {'T1': 0.00031988513288904857, 'T2': 0.0003672802813560044, 'readout_error': 0.0015869140625}, 'q114': {'T1': 0.0003291754039385179, 'T2': 0.0004129809203181829, 'readout_error': 0.0025634765625}}","{'001': 1425, '111': 82, '000': 170, '101': 89, '011': 81, '010': 84, '100': 50, '110': 67}",001,0.69580078125
18,Grover's Algorithm,3,2048,2026-02-10T15:08:45.339Z,2026-02-10T15:08:50.297Z,5441.099,,"{'110': 1267, '011': 134, '001': 129, '111': 51, '101': 96, '010': 175, '100': 104, '000': 92}","Iterations: 1, Target string: 110","{'q114': {'T1': 0.0003291754039385179, 'T2': 0.0004129809203181829, 'readout_error': 0.0025634765625}, 'q113': {'T1': 0.000449796774534051, 'T2': 0.0003859991104948635, 'readout_error': 0.0042724609375}, 'q112': {'T1': 0.00031988513288904857, 'T2': 0.0003672802813560044, 'readout_error': 0.0015869140625}}","{'110': 1267, '011': 134, '001': 129, '111': 51, '101': 96, '010': 175, '100': 104, '000': 92}",110,0.61865234375
19,Grover's Algorithm,3,2048,2026-02-10T15:09:01.922Z,2026-02-10T15:09:35.716Z,34300.162,,"{'000': 1621, '111': 28, '001': 74, '011': 95, '010': 93, '101': 32, '110': 47, '100': 58}","Iterations: 1, Target string: 000","{'q112': {'T1': 0.00031988513288904857, 'T2': 0.0003672802813560044, 'readout_error': 0.0015869140625}, 'q113': {'T1': 0.000449796774534051, 'T2': 0.0003859991104948635, 'readout_error': 0.0042724609375}, 'q114': {'T1': 0.0003291754039385179, 'T2': 0.0004129809203181829, 'readout_error': 0.0025634765625}}","{'000': 1621, '111': 28, '001': 74, '011': 95, '010': 93, '101': 32, '110': 47, '100': 58}",000,0.79150390625
20,Grover's Algorithm,4,2048,2026-02-10T15:09:47.428Z,2026-02-10T15:09:52.047Z,5163.945,,"{'0010': 101, '1010': 767, '0000': 135, '0101': 92, '1001': 92, '0110': 74, '0111': 73, '1011': 56, '0011': 83, '1111': 64, '1100': 76, '1110': 97, '0100': 73, '0001': 141, '1101': 55, '1000': 69}","Iterations: 1, Target string: 1010","{'q112': {'T1': 0.00031988513288904857, 'T2': 0.0003672802813560044, 'readout_error': 0.0015869140625}, 'q119': {'T1': 0.0002911306429058255, 'T2': 0.0003938079885786404, 'readout_error': 0.0028076171875}, 'q114': {'T1': 0.0003291754039385179, 'T2': 0.0004129809203181829, 'readout_error': 0.0025634765625}, 'q113': {'T1': 0.000449796774534051, 'T2': 0.0003859991104948635, 'readout_error': 0.0042724609375}}","{'0010': 101, '1010': 767, '0000': 135, '0101': 92, '1001': 92, '0110': 74, '0111': 73, '1011': 56, '0011': 83, '1111': 64, '1100': 76, '1110': 97, '0100': 73, '0001': 141, '1101': 55, '1000': 69}",1010,0.37451171875
21,Grover's Algorithm,4,2048,2026-02-10T15:10:04.098Z,2026-02-10T15:10:30.548Z,26950.313,,"{'0110': 824, '1100': 72, '0000': 88, '0011': 81, '1010': 89, '0001': 137, '1111': 40, '0111': 66, '1000': 103, '0100': 81, '0101': 85, '1001': 101, '1101': 77, '0010': 77, '1110': 80, '1011': 47}","Iterations: 1, Target string: 0110","{'q112': {'T1': 0.00031988513288904857, 'T2': 0.0003672802813560044, 'readout_error': 0.0015869140625}, 'q119': {'T1': 0.0002911306429058255, 'T2': 0.0003938079885786404, 'readout_error': 0.0028076171875}, 'q114': {'T1': 0.0003291754039385179, 'T2': 0.0004129809203181829, 'readout_error': 0.0025634765625}, 'q113': {'T1': 0.000449796774534051, 'T2': 0.0003859991104948635, 'readout_error': 0.0042724609375}}","{'0110': 824, '1100': 72, '0000': 88, '0011': 81, '1010': 89, '0001': 137, '1111': 40, '0111': 66, '1000': 103, '0100': 81, '0101': 85, '1001': 101, '1101': 77, '0010': 77, '1110': 80, '1011': 47}",0110,0.40234375
22,Grover's Algorithm,4,2048,2026-02-10T15:10:42.513Z,2026-02-10T15:10:47.699Z,5796.953,,"{'1111': 796, '1010': 77, '0100': 80, '0111': 90, '0110': 91, '0000': 110, '0011': 94, '0101': 83, '1000': 93, '1100': 48, '0010': 96, '1011': 82, '1001': 69, '0001': 97, '1110': 77, '1101': 65}","Iterations: 1, Target string: 1111","{'q112': {'T1': 0.00031988513288904857, 'T2': 0.0003672802813560044, 'readout_error': 0.0015869140625}, 'q119': {'T1': 0.0002911306429058255, 'T2': 0.0003938079885786404, 'readout_error': 0.0028076171875}, 'q114': {'T1': 0.0003291754039385179, 'T2': 0.0004129809203181829, 'readout_error': 0.0025634765625}, 'q113': {'T1': 0.000449796774534051, 'T2': 0.0003859991104948635, 'readout_error': 0.0042724609375}}","{'1111': 796, '1010': 77, '0100': 80, '0111': 90, '0110': 91, '0000': 110, '0011': 94, '0101': 83, '1000': 93, '1100': 48, '0010': 96, '1011': 82, '1001': 69, '0001': 97, '1110': 77, '1101': 65}",1111,0.388671875
23,Grover's Algorithm,4,2048,2026-02-10T15:10:59.763Z,2026-02-10T15:11:04.472Z,5296.048,,"{'1101': 63, '0010': 841, '1010': 132, '0100': 90, '0000': 112, '0111': 88, '0101': 69, '0001': 119, '1100': 54, '0011': 70, '0110': 93, '1111': 57, '1011': 59, '1000': 60, '1110': 64, '1001': 77}","Iterations: 1, Target string: 0010","{'q112': {'T1': 0.00031988513288904857, 'T2': 0.0003672802813560044, 'readout_error': 0.0015869140625}, 'q119': {'T1': 0.0002911306429058255, 'T2': 0.0003938079885786404, 'readout_error': 0.0028076171875}, 'q114': {'T1': 0.0003291754039385179, 'T2': 0.0004129809203181829, 'readout_error': 0.0025634765625}, 'q113': {'T1': 0.000449796774534051, 'T2': 0.0003859991104948635, 'readout_error': 0.0042724609375}}","{'1101': 63, '0010': 841, '1010': 132, '0100': 90, '0000': 112, '0111': 88, '0101': 69, '0001': 119, '1100': 54, '0011': 70, '0110': 93, '1111': 57, '1011': 59, '1000': 60, '1110': 64, '1001': 77}",0010,0.41064453125
24,Grover's Algorithm,4,2048,2026-02-10T15:11:16.774Z,2026-02-10T15:11:21.123Z,5063.84,,"{'0111': 720, '0010': 97, '1000': 122, '1011': 112, '1111': 149, '0101': 63, '1100': 67, '1001': 105, '1010': 91, '1101': 58, '0000': 100, '0001': 104, '1110': 54, '0100': 68, '0011': 81, '0110': 57}","Iterations: 1, Target string: 0111","{'q112': {'T1': 0.00031988513288904857, 'T2': 0.0003672802813560044, 'readout_error': 0.0015869140625}, 'q119': {'T1': 0.0002911306429058255, 'T2': 0.0003938079885786404, 'readout_error': 0.0028076171875}, 'q114': {'T1': 0.0003291754039385179, 'T2': 0.0004129809203181829, 'readout_error': 0.0025634765625}, 'q113': {'T1': 0.000449796774534051, 'T2': 0.0003859991104948635, 'readout_error': 0.0042724609375}}","{'0111': 720, '0010': 97, '1000': 122, '1011': 112, '1111': 149, '0101': 63, '1100': 67, '1001': 105, '1010': 91, '1101': 58, '0000': 100, '0001': 104, '1110': 54, '0100': 68, '0011': 81, '0110': 57}",0111,0.3515625
25,Grover's Algorithm,4,2048,2026-02-10T15:11:33.218Z,2026-02-10T15:12:06.960Z,34309.672,,"{'1001': 87, '1000': 266, '1011': 142, '0000': 58, '0011': 134, '0001': 183, '0010': 61, '0101': 190, '1100': 62, '1101': 161, '0111': 190, '0100': 78, '1110': 85, '1111': 186, '0110': 76, '1010': 89}","Iterations: 1, Target string: 1000","{'q112': {'T1': 0.00031988513288904857, 'T2': 0.0003672802813560044, 'readout_error': 0.0015869140625}, 'q119': {'T1': 0.0002911306429058255, 'T2': 0.0003938079885786404, 'readout_error': 0.0028076171875}, 'q114': {'T1': 0.0003291754039385179, 'T2': 0.0004129809203181829, 'readout_error': 0.0025634765625}, 'q113': {'T1': 0.000449796774534051, 'T2': 0.0003859991104948635, 'readout_error': 0.0042724609375}}","{'1001': 87, '1000': 266, '1011': 142, '0000': 58, '0011': 134, '0001': 183, '0010': 61, '0101': 190, '1100': 62, '1101': 161, '0111': 190, '0100': 78, '1110': 85, '1111': 186, '0110': 76, '1010': 89}",1000,0.1298828125
26,Grover's Algorithm,4,2048,2026-02-10T15:12:19.009Z,2026-02-10T15:12:28.630Z,10119.777,,"{'0100': 764, '0000': 132, '1010': 101, '1110': 80, '1000': 109, '0110': 97, '1111': 61, '0111': 62, '1100': 85, '0101': 46, '1001': 71, '0011': 98, '0010': 101, '0001': 129, '1011': 52, '1101': 60}","Iterations: 1, Target string: 0100","{'q112': {'T1': 0.00031988513288904857, 'T2': 0.0003672802813560044, 'readout_error': 0.0015869140625}, 'q119': {'T1': 0.0002911306429058255, 'T2': 0.0003938079885786404, 'readout_error': 0.0028076171875}, 'q114': {'T1': 0.0003291754039385179, 'T2': 0.0004129809203181829, 'readout_error': 0.0025634765625}, 'q113': {'T1': 0.000449796774534051, 'T2': 0.0003859991104948635, 'readout_error': 0.0042724609375}}","{'0100': 764, '0000': 132, '1010': 101, '1110': 80, '1000': 109, '0110': 97, '1111': 61, '0111': 62, '1100': 85, '0101': 46, '1001': 71, '0011': 98, '0010': 101, '0001': 129, '1011': 52, '1101': 60}",0100,0.373046875
27,Grover's Algorithm,4,2048,2026-02-10T15:12:40.623Z,2026-02-10T15:13:16.548Z,36750.651,,"{'0011': 880, '1010': 68, '0110': 83, '1011': 133, '0010': 89, '1001': 105, '1101': 89, '0001': 117, '0000': 48, '1000': 59, '1111': 79, '1110': 45, '0100': 33, '0111': 90, '1100': 47, '0101': 83}","Iterations: 1, Target string: 0011","{'q112': {'T1': 0.00031988513288904857, 'T2': 0.0003672802813560044, 'readout_error': 0.0015869140625}, 'q119': {'T1': 0.0002911306429058255, 'T2': 0.0003938079885786404, 'readout_error': 0.0028076171875}, 'q114': {'T1': 0.0003291754039385179, 'T2': 0.0004129809203181829, 'readout_error': 0.0025634765625}, 'q113': {'T1': 0.000449796774534051, 'T2': 0.0003859991104948635, 'readout_error': 0.0042724609375}}","{'0011': 880, '1010': 68, '0110': 83, '1011': 133, '0010': 89, '1001': 105, '1101': 89, '0001': 117, '0000': 48, '1000': 59, '1111': 79, '1110': 45, '0100': 33, '0111': 90, '1100': 47, '0101': 83}",0011,0.4296875
28,Grover's Algorithm,4,2048,2026-02-10T15:13:29.374Z,2026-02-10T15:13:33.997Z,5625.882,,"{'0000': 870, '1000': 99, '0010': 101, '0100': 78, '1011': 73, '0101': 89, '0110': 151, '1010': 57, '1110': 82, '1111': 81, '1100': 42, '0001': 72, '0111': 72, '0011': 83, '1001': 59, '1101': 39}","Iterations: 1, Target string: 0000","{'q112': {'T1': 0.00031988513288904857, 'T2': 0.0003672802813560044, 'readout_error': 0.0015869140625}, 'q119': {'T1': 0.0002911306429058255, 'T2': 0.0003938079885786404, 'readout_error': 0.0028076171875}, 'q114': {'T1': 0.0003291754039385179, 'T2': 0.0004129809203181829, 'readout_error': 0.0025634765625}, 'q113': {'T1': 0.000449796774534051, 'T2': 0.0003859991104948635, 'readout_error': 0.0042724609375}}","{'0000': 870, '1000': 99, '0010': 101, '0100': 78, '1011': 73, '0101': 89, '0110': 151, '1010': 57, '1110': 82, '1111': 81, '1100': 42, '0001': 72, '0111': 72, '0011': 83, '1001': 59, '1101': 39}",0000,0.4248046875
29,Grover's Algorithm,4,2048,2026-02-10T15:13:45.992Z,2026-02-10T15:14:15.508Z,30079.977,,"{'1111': 604, '0011': 110, '0111': 135, '1011': 88, '0101': 110, '1000': 78, '1001': 93, '1100': 47, '0001': 133, '0010': 92, '0000': 189, '0100': 112, '1010': 63, '1110': 53, '0110': 94, '1101': 47}","Iterations: 1, Target string: 1111","{'q112': {'T1': 0.00031988513288904857, 'T2': 0.0003672802813560044, 'readout_error': 0.0015869140625}, 'q119': {'T1': 0.0002911306429058255, 'T2': 0.0003938079885786404, 'readout_error': 0.0028076171875}, 'q114': {'T1': 0.0003291754039385179, 'T2': 0.0004129809203181829, 'readout_error': 0.0025634765625}, 'q113': {'T1': 0.000449796774534051, 'T2': 0.0003859991104948635, 'readout_error': 0.0042724609375}}","{'1111': 604, '0011': 110, '0111': 135, '1011': 88, '0101': 110, '1000': 78, '1001': 93, '1100': 47, '0001': 133, '0010': 92, '0000': 189, '0100': 112, '1010': 63, '1110': 53, '0110': 94, '1101': 47}",1111,0.294921875
30,Grover's Algorithm,4,2048,2026-02-10T15:14:27.558Z,2026-02-10T15:14:32.650Z,5573.87,,"{'0111': 89, '0110': 84, '1100': 103, '0000': 113, '0011': 98, '0010': 102, '0100': 769, '0001': 161, '1010': 67, '1001': 89, '1101': 53, '1011': 98, '1000': 57, '1111': 62, '0101': 62, '1110': 41}","Iterations: 1, Target string: 0100","{'q112': {'T1': 0.00031988513288904857, 'T2': 0.0003672802813560044, 'readout_error': 0.0015869140625}, 'q119': {'T1': 0.0002911306429058255, 'T2': 0.0003938079885786404, 'readout_error': 0.0028076171875}, 'q114': {'T1': 0.0003291754039385179, 'T2': 0.0004129809203181829, 'readout_error': 0.0025634765625}, 'q113': {'T1': 0.000449796774534051, 'T2': 0.0003859991104948635, 'readout_error': 0.0042724609375}}","{'0111': 89, '0110': 84, '1100': 103, '0000': 113, '0011': 98, '0010': 102, '0100': 769, '0001': 161, '1010': 67, '1001': 89, '1101': 53, '1011': 98, '1000': 57, '1111': 62, '0101': 62, '1110': 41}",0100,0.37548828125
31,Grover's Algorithm,4,2048,2026-02-10T15:14:44.625Z,2026-02-10T15:15:12.992Z,29071.869,,"{'1110': 70, '1000': 106, '0010': 64, '1100': 56, '0100': 898, '0000': 130, '1111': 47, '1101': 67, '0111': 59, '0011': 90, '1010': 64, '1011': 47, '1001': 80, '0101': 62, '0001': 148, '0110': 60}","Iterations: 1, Target string: 0100","{'q112': {'T1': 0.00031988513288904857, 'T2': 0.0003672802813560044, 'readout_error': 0.0015869140625}, 'q119': {'T1': 0.0002911306429058255, 'T2': 0.0003938079885786404, 'readout_error': 0.0028076171875}, 'q114': {'T1': 0.0003291754039385179, 'T2': 0.0004129809203181829, 'readout_error': 0.0025634765625}, 'q113': {'T1': 0.000449796774534051, 'T2': 0.0003859991104948635, 'readout_error': 0.0042724609375}}","{'1110': 70, '1000': 106, '0010': 64, '1100': 56, '0100': 898, '0000': 130, '1111': 47, '1101': 67, '0111': 59, '0011': 90, '1010': 64, '1011': 47, '1001': 80, '0101': 62, '0001': 148, '0110': 60}",0100,0.4384765625
32,Grover's Algorithm,4,2048,2026-02-10T15:15:25.249Z,2026-02-10T15:15:30.220Z,5576.227,,"{'1111': 78, '0010': 67, '0111': 62, '0011': 857, '0000': 78, '0101': 78, '0100': 74, '0001': 121, '1001': 99, '1010': 61, '1000': 87, '1110': 44, '1100': 79, '1101': 72, '0110': 48, '1011': 143}","Iterations: 1, Target string: 0011","{'q112': {'T1': 0.00031988513288904857, 'T2': 0.0003672802813560044, 'readout_error': 0.0015869140625}, 'q119': {'T1': 0.0002911306429058255, 'T2': 0.0003938079885786404, 'readout_error': 0.0028076171875}, 'q114': {'T1': 0.0003291754039385179, 'T2': 0.0004129809203181829, 'readout_error': 0.0025634765625}, 'q113': {'T1': 0.000449796774534051, 'T2': 0.0003859991104948635, 'readout_error': 0.0042724609375}}","{'1111': 78, '0010': 67, '0111': 62, '0011': 857, '0000': 78, '0101': 78, '0100': 74, '0001': 121, '1001': 99, '1010': 61, '1000': 87, '1110': 44, '1100': 79, '1101': 72, '0110': 48, '1011': 143}",0011,0.41845703125
33,Grover's Algorithm,4,2048,2026-02-10T15:15:42.297Z,2026-02-10T15:16:11.092Z,29468.223,3.522021983,"{'1011': 786, '1101': 62, '1010': 57, '0001': 132, '0111': 80, '0000': 140, '0010': 98, '0011': 111, '0100': 87, '1110': 48, '0110': 77, '0101': 57, '1100': 61, '1001': 82, '1000': 82, '1111': 88}","Iterations: 1, Target string: 1011","{'q112': {'T1': 0.00031988513288904857, 'T2': 0.0003672802813560044, 'readout_error': 0.0015869140625}, 'q119': {'T1': 0.0002911306429058255, 'T2': 0.0003938079885786404, 'readout_error': 0.0028076171875}, 'q114': {'T1': 0.0003291754039385179, 'T2': 0.0004129809203181829, 'readout_error': 0.0025634765625}, 'q113': {'T1': 0.000449796774534051, 'T2': 0.0003859991104948635, 'readout_error': 0.0042724609375}}","{'1011': 786, '1101': 62, '1010': 57, '0001': 132, '0111': 80, '0000': 140, '0010': 98, '0011': 111, '0100': 87, '1110': 48, '0110': 77, '0101': 57, '1100': 61, '1001': 82, '1000': 82, '1111': 88}",1011,0.3837890625
34,Grover's Algorithm,4,2048,2026-02-10T15:16:23.704Z,2026-02-10T15:16:28.838Z,6045.741,,"{'1010': 760, '0001': 143, '0011': 108, '0100': 84, '1110': 97, '0111': 59, '0010': 119, '0110': 85, '1000': 85, '0000': 127, '1011': 54, '1100': 90, '1111': 46, '1001': 73, '0101': 68, '1101': 50}","Iterations: 1, Target string: 1010","{'q112': {'T1': 0.00031988513288904857, 'T2': 0.0003672802813560044, 'readout_error': 0.0015869140625}, 'q119': {'T1': 0.0002911306429058255, 'T2': 0.0003938079885786404, 'readout_error': 0.0028076171875}, 'q114': {'T1': 0.0003291754039385179, 'T2': 0.0004129809203181829, 'readout_error': 0.0025634765625}, 'q113': {'T1': 0.000449796774534051, 'T2': 0.0003859991104948635, 'readout_error': 0.0042724609375}}","{'1010': 760, '0001': 143, '0011': 108, '0100': 84, '1110': 97, '0111': 59, '0010': 119, '0110': 85, '1000': 85, '0000': 127, '1011': 54, '1100': 90, '1111': 46, '1001': 73, '0101': 68, '1101': 50}",1010,0.37109375
35,Grover's Algorithm,4,2048,2026-02-10T15:16:41.411Z,2026-02-10T15:16:46.759Z,6238.841,3.522021983,"{'1101': 852, '0010': 98, '0011': 73, '0111': 82, '0100': 77, '0000': 159, '1111': 52, '0101': 80, '1001': 85, '1110': 42, '1100': 50, '1010': 58, '0110': 61, '1000': 101, '1011': 69, '0001': 109}","Iterations: 1, Target string: 1101","{'q112': {'T1': 0.00031988513288904857, 'T2': 0.0003672802813560044, 'readout_error': 0.0015869140625}, 'q119': {'T1': 0.0002911306429058255, 'T2': 0.0003938079885786404, 'readout_error': 0.0028076171875}, 'q114': {'T1': 0.0003291754039385179, 'T2': 0.0004129809203181829, 'readout_error': 0.0025634765625}, 'q113': {'T1': 0.000449796774534051, 'T2': 0.0003859991104948635, 'readout_error': 0.0042724609375}}","{'1101': 852, '0010': 98, '0011': 73, '0111': 82, '0100': 77, '0000': 159, '1111': 52, '0101': 80, '1001': 85, '1110': 42, '1100': 50, '1010': 58, '0110': 61, '1000': 101, '1011': 69, '0001': 109}",1101,0.416015625
36,Grover's Algorithm,4,2048,2026-02-10T15:16:59.295Z,2026-02-10T15:17:04.712Z,6051.09,,"{'0000': 144, '0001': 119, '1111': 64, '1010': 71, '1101': 752, '0101': 75, '0010': 107, '0111': 67, '0100': 106, '1011': 66, '1000': 82, '0110': 73, '1001': 89, '0011': 94, '1100': 83, '1110': 56}","Iterations: 1, Target string: 1101","{'q112': {'T1': 0.00031988513288904857, 'T2': 0.0003672802813560044, 'readout_error': 0.0015869140625}, 'q119': {'T1': 0.0002911306429058255, 'T2': 0.0003938079885786404, 'readout_error': 0.0028076171875}, 'q114': {'T1': 0.0003291754039385179, 'T2': 0.0004129809203181829, 'readout_error': 0.0025634765625}, 'q113': {'T1': 0.000449796774534051, 'T2': 0.0003859991104948635, 'readout_error': 0.0042724609375}}","{'0000': 144, '0001': 119, '1111': 64, '1010': 71, '1101': 752, '0101': 75, '0010': 107, '0111': 67, '0100': 106, '1011': 66, '1000': 82, '0110': 73, '1001': 89, '0011': 94, '1100': 83, '1110': 56}",1101,0.3671875
37,Grover's Algorithm,4,2048,2026-02-10T15:17:16.694Z,2026-02-10T15:17:53.589Z,37632.582,,"{'1011': 70, '1001': 615, '0010': 156, '0111': 106, '0001': 89, '0011': 132, '1010': 37, '1000': 92, '0000': 169, '1110': 62, '0110': 118, '1100': 78, '1101': 66, '0101': 88, '0100': 140, '1111': 30}","Iterations: 1, Target string: 1001","{'q119': {'T1': 0.0002911306429058255, 'T2': 0.0003938079885786404, 'readout_error': 0.0028076171875}, 'q112': {'T1': 0.00031988513288904857, 'T2': 0.0003672802813560044, 'readout_error': 0.0015869140625}, 'q114': {'T1': 0.0003291754039385179, 'T2': 0.0004129809203181829, 'readout_error': 0.0025634765625}, 'q113': {'T1': 0.000449796774534051, 'T2': 0.0003859991104948635, 'readout_error': 0.0042724609375}}","{'1011': 70, '1001': 615, '0010': 156, '0111': 106, '0001': 89, '0011': 132, '1010': 37, '1000': 92, '0000': 169, '1110': 62, '0110': 118, '1100': 78, '1101': 66, '0101': 88, '0100': 140, '1111': 30}",1001,0.30029296875
38,Grover's Algorithm,4,2048,2026-02-10T15:18:06.042Z,2026-02-10T15:18:11.025Z,5810.043,,"{'1000': 52, '0111': 105, '0000': 132, '0101': 107, '1011': 725, '0010': 129, '0110': 67, '1001': 73, '0011': 145, '1110': 46, '1111': 96, '1010': 58, '0001': 123, '1100': 37, '0100': 92, '1101': 61}","Iterations: 1, Target string: 1011","{'q112': {'T1': 0.00031988513288904857, 'T2': 0.0003672802813560044, 'readout_error': 0.0015869140625}, 'q119': {'T1': 0.0002911306429058255, 'T2': 0.0003938079885786404, 'readout_error': 0.0028076171875}, 'q114': {'T1': 0.0003291754039385179, 'T2': 0.0004129809203181829, 'readout_error': 0.0025634765625}, 'q113': {'T1': 0.000449796774534051, 'T2': 0.0003859991104948635, 'readout_error': 0.0042724609375}}","{'1000': 52, '0111': 105, '0000': 132, '0101': 107, '1011': 725, '0010': 129, '0110': 67, '1001': 73, '0011': 145, '1110': 46, '1111': 96, '1010': 58, '0001': 123, '1100': 37, '0100': 92, '1101': 61}",1011,0.35400390625
39,Grover's Algorithm,4,2048,2026-02-10T15:18:23.077Z,2026-02-10T15:19:06.048Z,43566.853,3.46161484,"{'0010': 802, '1011': 55, '1100': 60, '1010': 123, '0101': 104, '0110': 80, '1001': 66, '0000': 116, '0100': 112, '0001': 123, '0011': 63, '1110': 68, '1000': 63, '0111': 88, '1101': 76, '1111': 49}","Iterations: 1, Target string: 0010","{'q112': {'T1': 0.00031988513288904857, 'T2': 0.0003672802813560044, 'readout_error': 0.0015869140625}, 'q119': {'T1': 0.0002911306429058255, 'T2': 0.0003938079885786404, 'readout_error': 0.0028076171875}, 'q114': {'T1': 0.0003291754039385179, 'T2': 0.0004129809203181829, 'readout_error': 0.0025634765625}, 'q113': {'T1': 0.000449796774534051, 'T2': 0.0003859991104948635, 'readout_error': 0.0042724609375}}","{'0010': 802, '1011': 55, '1100': 60, '1010': 123, '0101': 104, '0110': 80, '1001': 66, '0000': 116, '0100': 112, '0001': 123, '0011': 63, '1110': 68, '1000': 63, '0111': 88, '1101': 76, '1111': 49}",0010,0.3916015625
40,Grover's Algorithm,5,2048,2026-02-10T15:19:18.095Z,2026-02-10T15:20:39.751Z,82093.271,4.122292721,"{'01101': 72, '11111': 46, '00100': 48, '01111': 47, '10101': 56, '01010': 88, '10011': 33, '01100': 89, '11001': 76, '01110': 319, '10001': 72, '00001': 92, '00111': 42, '01000': 65, '11011': 69, '11101': 72, '00000': 47, '00011': 33, '11000': 63, '11010': 54, '01001': 77, '00010': 35, '10100': 49, '00110': 56, '10110': 17, '11110': 45, '10000': 31, '11100': 65, '01011': 70, '10010': 26, '10111': 48, '00101': 46}","Iterations: 1, Target string: 01110","{'q86': {'T1': 0.00039721807036365177, 'T2': 0.0005509760328854822, 'readout_error': 0.0029296875}, 'q77': {'T1': 0.0001811369857474341, 'T2': 0.000277236194846799, 'readout_error': 0.0081787109375}, 'q85': {'T1': 0.0002928719278531122, 'T2': 0.0004120961403618193, 'readout_error': 0.004638671875}, 'q87': {'T1': 0.00036088183461447065, 'T2': 0.0004737540203300544, 'readout_error': 0.0030517578125}, 'q84': {'T1': 0.0002734799500962772, 'T2': 0.000458469745699905, 'readout_error': 0.0030517578125}}","{'01101': 72, '11111': 46, '00100': 48, '01111': 47, '10101': 56, '01010': 88, '10011': 33, '01100': 89, '11001': 76, '01110': 319, '10001': 72, '00001': 92, '00111': 42, '01000': 65, '11011': 69, '11101': 72, '00000': 47, '00011': 33, '11000': 63, '11010': 54, '01001': 77, '00010': 35, '10100': 49, '00110': 56, '10110': 17, '11110': 45, '10000': 31, '11100': 65, '01011': 70, '10010': 26, '10111': 48, '00101': 46}",01110,0.15576171875
41,Grover's Algorithm,5,2048,2026-02-10T15:20:52.378Z,2026-02-10T15:21:43.230Z,51757.684,4.122292721,"{'11000': 59, '00010': 141, '10010': 137, '10111': 68, '00001': 46, '11001': 67, '01101': 308, '01001': 74, '11101': 45, '10000': 41, '01110': 51, '00111': 49, '11010': 105, '01010': 123, '00000': 37, '01111': 61, '10110': 49, '00011': 21, '01100': 83, '11110': 37, '11111': 39, '01000': 35, '10101': 53, '11011': 21, '11100': 36, '10001': 40, '00101': 78, '01011': 22, '00110': 27, '00100': 39, '10011': 23, '10100': 33}","Iterations: 1, Target string: 01101","{'q86': {'T1': 0.00039721807036365177, 'T2': 0.0005509760328854822, 'readout_error': 0.0029296875}, 'q77': {'T1': 0.0001811369857474341, 'T2': 0.000277236194846799, 'readout_error': 0.0081787109375}, 'q85': {'T1': 0.0002928719278531122, 'T2': 0.0004120961403618193, 'readout_error': 0.004638671875}, 'q87': {'T1': 0.00036088183461447065, 'T2': 0.0004737540203300544, 'readout_error': 0.0030517578125}, 'q84': {'T1': 0.0002734799500962772, 'T2': 0.000458469745699905, 'readout_error': 0.0030517578125}}","{'11000': 59, '00010': 141, '10010': 137, '10111': 68, '00001': 46, '11001': 67, '01101': 308, '01001': 74, '11101': 45, '10000': 41, '01110': 51, '00111': 49, '11010': 105, '01010': 123, '00000': 37, '01111': 61, '10110': 49, '00011': 21, '01100': 83, '11110': 37, '11111': 39, '01000': 35, '10101': 53, '11011': 21, '11100': 36, '10001': 40, '00101': 78, '01011': 22, '00110': 27, '00100': 39, '10011': 23, '10100': 33}",01101,0.150390625
42,Grover's Algorithm,5,2048,2026-02-10T15:21:55.420Z,2026-02-10T15:22:50.560Z,55627.564,,"{'00000': 273, '10101': 43, '00001': 76, '11011': 42, '10001': 42, '11111': 112, '00110': 33, '00101': 42, '01011': 40, '11101': 41, '11100': 28, '01111': 146, '01001': 38, '10100': 63, '11110': 34, '10110': 45, '01110': 35, '11010': 62, '01101': 46, '00011': 52, '01100': 61, '01010': 53, '00010': 55, '10111': 121, '00100': 76, '10010': 32, '11001': 28, '10011': 42, '10000': 42, '11000': 62, '01000': 71, '00111': 112}","Iterations: 1, Target string: 00000","{'q86': {'T1': 0.00039721807036365177, 'T2': 0.0005509760328854822, 'readout_error': 0.0029296875}, 'q77': {'T1': 0.0001811369857474341, 'T2': 0.000277236194846799, 'readout_error': 0.0081787109375}, 'q85': {'T1': 0.0002928719278531122, 'T2': 0.0004120961403618193, 'readout_error': 0.004638671875}, 'q87': {'T1': 0.00036088183461447065, 'T2': 0.0004737540203300544, 'readout_error': 0.0030517578125}, 'q84': {'T1': 0.0002734799500962772, 'T2': 0.000458469745699905, 'readout_error': 0.0030517578125}}","{'00000': 273, '10101': 43, '00001': 76, '11011': 42, '10001': 42, '11111': 112, '00110': 33, '00101': 42, '01011': 40, '11101': 41, '11100': 28, '01111': 146, '01001': 38, '10100': 63, '11110': 34, '10110': 45, '01110': 35, '11010': 62, '01101': 46, '00011': 52, '01100': 61, '01010': 53, '00010': 55, '10111': 121, '00100': 76, '10010': 32, '11001': 28, '10011': 42, '10000': 42, '11000': 62, '01000': 71, '00111': 112}",00000,0.13330078125
43,Grover's Algorithm,5,2048,2026-02-10T15:23:02.834Z,2026-02-10T15:24:42.138Z,100066.397,,"{'00000': 46, '01001': 64, '11011': 283, '10101': 28, '10010': 35, '11100': 113, '01110': 26, '11010': 87, '00001': 46, '11001': 85, '10100': 112, '00100': 170, '00101': 18, '00110': 23, '00111': 47, '10000': 52, '10001': 45, '10011': 56, '00011': 32, '00010': 15, '01100': 180, '01010': 42, '01011': 72, '01101': 29, '01111': 62, '01000': 48, '11000': 58, '11111': 44, '11110': 25, '11101': 27, '10111': 49, '10110': 29}","Iterations: 1, Target string: 11011","{'q86': {'T1': 0.00039721807036365177, 'T2': 0.0005509760328854822, 'readout_error': 0.0029296875}, 'q77': {'T1': 0.0001811369857474341, 'T2': 0.000277236194846799, 'readout_error': 0.0081787109375}, 'q85': {'T1': 0.0002928719278531122, 'T2': 0.0004120961403618193, 'readout_error': 0.004638671875}, 'q87': {'T1': 0.00036088183461447065, 'T2': 0.0004737540203300544, 'readout_error': 0.0030517578125}, 'q84': {'T1': 0.0002734799500962772, 'T2': 0.000458469745699905, 'readout_error': 0.0030517578125}}","{'00000': 46, '01001': 64, '11011': 283, '10101': 28, '10010': 35, '11100': 113, '01110': 26, '11010': 87, '00001': 46, '11001': 85, '10100': 112, '00100': 170, '00101': 18, '00110': 23, '00111': 47, '10000': 52, '10001': 45, '10011': 56, '00011': 32, '00010': 15, '01100': 180, '01010': 42, '01011': 72, '01101': 29, '01111': 62, '01000': 48, '11000': 58, '11111': 44, '11110': 25, '11101': 27, '10111': 49, '10110': 29}",11011,0.13818359375
44,Grover's Algorithm,5,2048,2026-02-10T15:24:54.631Z,2026-02-10T15:24:59.779Z,5849.522,,"{'11010': 43, '10111': 14, '10110': 108, '11001': 313, '11011': 60, '01110': 140, '11000': 111, '00011': 52, '01010': 56, '01000': 54, '11110': 96, '11100': 40, '01001': 73, '10100': 39, '10011': 42, '00001': 42, '00110': 145, '00111': 28, '01101': 78, '10010': 38, '01100': 34, '01011': 46, '00101': 38, '10101': 41, '10001': 80, '00010': 43, '00000': 26, '10000': 43, '11111': 15, '11101': 46, '01111': 23, '00100': 41}","Iterations: 1, Target string: 11001","{'q86': {'T1': 0.00039721807036365177, 'T2': 0.0005509760328854822, 'readout_error': 0.0029296875}, 'q77': {'T1': 0.0001811369857474341, 'T2': 0.000277236194846799, 'readout_error': 0.0081787109375}, 'q85': {'T1': 0.0002928719278531122, 'T2': 0.0004120961403618193, 'readout_error': 0.004638671875}, 'q87': {'T1': 0.00036088183461447065, 'T2': 0.0004737540203300544, 'readout_error': 0.0030517578125}, 'q84': {'T1': 0.0002734799500962772, 'T2': 0.000458469745699905, 'readout_error': 0.0030517578125}}","{'11010': 43, '10111': 14, '10110': 108, '11001': 313, '11011': 60, '01110': 140, '11000': 111, '00011': 52, '01010': 56, '01000': 54, '11110': 96, '11100': 40, '01001': 73, '10100': 39, '10011': 42, '00001': 42, '00110': 145, '00111': 28, '01101': 78, '10010': 38, '01100': 34, '01011': 46, '00101': 38, '10101': 41, '10001': 80, '00010': 43, '00000': 26, '10000': 43, '11111': 15, '11101': 46, '01111': 23, '00100': 41}",11001,0.15283203125
45,Grover's Algorithm,5,2048,2026-02-10T15:25:12.483Z,2026-02-10T15:25:17.803Z,6156.544,,"{'10111': 31, '01111': 29, '00011': 164, '00001': 35, '00100': 326, '01000': 57, '11110': 68, '00111': 50, '00110': 76, '01101': 27, '11011': 119, '01100': 53, '00000': 90, '10000': 57, '01001': 38, '10110': 41, '10011': 131, '11000': 48, '00101': 77, '01011': 133, '11010': 24, '01110': 44, '11100': 56, '10101': 31, '00010': 40, '11001': 29, '10100': 36, '11111': 40, '01010': 23, '10001': 37, '10010': 20, '11101': 18}","Iterations: 1, Target string: 00100","{'q86': {'T1': 0.00039721807036365177, 'T2': 0.0005509760328854822, 'readout_error': 0.0029296875}, 'q77': {'T1': 0.0001811369857474341, 'T2': 0.000277236194846799, 'readout_error': 0.0081787109375}, 'q85': {'T1': 0.0002928719278531122, 'T2': 0.0004120961403618193, 'readout_error': 0.004638671875}, 'q87': {'T1': 0.00036088183461447065, 'T2': 0.0004737540203300544, 'readout_error': 0.0030517578125}, 'q84': {'T1': 0.0002734799500962772, 'T2': 0.000458469745699905, 'readout_error': 0.0030517578125}}","{'10111': 31, '01111': 29, '00011': 164, '00001': 35, '00100': 326, '01000': 57, '11110': 68, '00111': 50, '00110': 76, '01101': 27, '11011': 119, '01100': 53, '00000': 90, '10000': 57, '01001': 38, '10110': 41, '10011': 131, '11000': 48, '00101': 77, '01011': 133, '11010': 24, '01110': 44, '11100': 56, '10101': 31, '00010': 40, '11001': 29, '10100': 36, '11111': 40, '01010': 23, '10001': 37, '10010': 20, '11101': 18}",00100,0.1591796875
46,Grover's Algorithm,5,2048,2026-02-10T15:25:30.219Z,2026-02-10T15:28:33.577Z,184023.136,4.122292721,"{'11110': 64, '00111': 49, '11001': 37, '10011': 126, '10111': 49, '10000': 53, '00100': 282, '10101': 40, '01001': 58, '01011': 151, '01000': 60, '00000': 97, '11101': 15, '00110': 54, '10001': 32, '00001': 46, '00101': 89, '01100': 55, '11111': 43, '00011': 131, '11100': 55, '01110': 52, '10100': 40, '11000': 46, '11011': 126, '10110': 43, '00010': 26, '11010': 25, '01010': 24, '10010': 23, '01111': 30, '01101': 27}","Iterations: 1, Target string: 00100","{'q86': {'T1': 0.00039721807036365177, 'T2': 0.0005509760328854822, 'readout_error': 0.0029296875}, 'q77': {'T1': 0.0001811369857474341, 'T2': 0.000277236194846799, 'readout_error': 0.0081787109375}, 'q85': {'T1': 0.0002928719278531122, 'T2': 0.0004120961403618193, 'readout_error': 0.004638671875}, 'q87': {'T1': 0.00036088183461447065, 'T2': 0.0004737540203300544, 'readout_error': 0.0030517578125}, 'q84': {'T1': 0.0002734799500962772, 'T2': 0.000458469745699905, 'readout_error': 0.0030517578125}}","{'11110': 64, '00111': 49, '11001': 37, '10011': 126, '10111': 49, '10000': 53, '00100': 282, '10101': 40, '01001': 58, '01011': 151, '01000': 60, '00000': 97, '11101': 15, '00110': 54, '10001': 32, '00001': 46, '00101': 89, '01100': 55, '11111': 43, '00011': 131, '11100': 55, '01110': 52, '10100': 40, '11000': 46, '11011': 126, '10110': 43, '00010': 26, '11010': 25, '01010': 24, '10010': 23, '01111': 30, '01101': 27}",00100,0.1376953125
47,Grover's Algorithm,5,2048,2026-02-10T15:28:45.886Z,2026-02-10T15:29:31.668Z,46407.383,4.122292721,"{'10000': 149, '01111': 279, '10111': 40, '01011': 88, '01100': 62, '10011': 35, '01000': 141, '00000': 167, '00100': 38, '01110': 72, '00011': 33, '01010': 36, '00111': 69, '10110': 17, '11100': 47, '11000': 126, '10101': 76, '11101': 50, '00001': 18, '00010': 34, '01101': 63, '11010': 40, '11001': 35, '11111': 57, '00101': 42, '11011': 70, '10100': 39, '00110': 37, '10010': 18, '01001': 29, '11110': 30, '10001': 11}","Iterations: 1, Target string: 01111","{'q86': {'T1': 0.00039721807036365177, 'T2': 0.0005509760328854822, 'readout_error': 0.0029296875}, 'q77': {'T1': 0.0001811369857474341, 'T2': 0.000277236194846799, 'readout_error': 0.0081787109375}, 'q85': {'T1': 0.0002928719278531122, 'T2': 0.0004120961403618193, 'readout_error': 0.004638671875}, 'q87': {'T1': 0.00036088183461447065, 'T2': 0.0004737540203300544, 'readout_error': 0.0030517578125}, 'q84': {'T1': 0.0002734799500962772, 'T2': 0.000458469745699905, 'readout_error': 0.0030517578125}}","{'10000': 149, '01111': 279, '10111': 40, '01011': 88, '01100': 62, '10011': 35, '01000': 141, '00000': 167, '00100': 38, '01110': 72, '00011': 33, '01010': 36, '00111': 69, '10110': 17, '11100': 47, '11000': 126, '10101': 76, '11101': 50, '00001': 18, '00010': 34, '01101': 63, '11010': 40, '11001': 35, '11111': 57, '00101': 42, '11011': 70, '10100': 39, '00110': 37, '10010': 18, '01001': 29, '11110': 30, '10001': 11}",01111,0.13623046875
48,Grover's Algorithm,5,2048,2026-02-10T15:29:43.952Z,2026-02-10T15:29:55.613Z,12113.006,4.122292721,"{'00010': 86, '10110': 37, '01100': 40, '01001': 156, '11101': 52, '11011': 41, '00110': 271, '10010': 55, '01010': 52, '10000': 31, '11100': 72, '11110': 42, '00011': 41, '00111': 53, '01000': 43, '00101': 67, '00001': 151, '10111': 33, '10001': 138, '01101': 36, '00000': 38, '01110': 50, '10101': 39, '01011': 43, '11010': 33, '11111': 30, '00100': 95, '11001': 103, '10011': 27, '01111': 21, '10100': 46, '11000': 26}","Iterations: 1, Target string: 00110","{'q86': {'T1': 0.00039721807036365177, 'T2': 0.0005509760328854822, 'readout_error': 0.0029296875}, 'q77': {'T1': 0.0001811369857474341, 'T2': 0.000277236194846799, 'readout_error': 0.0081787109375}, 'q85': {'T1': 0.0002928719278531122, 'T2': 0.0004120961403618193, 'readout_error': 0.004638671875}, 'q87': {'T1': 0.00036088183461447065, 'T2': 0.0004737540203300544, 'readout_error': 0.0030517578125}, 'q84': {'T1': 0.0002734799500962772, 'T2': 0.000458469745699905, 'readout_error': 0.0030517578125}}","{'00010': 86, '10110': 37, '01100': 40, '01001': 156, '11101': 52, '11011': 41, '00110': 271, '10010': 55, '01010': 52, '10000': 31, '11100': 72, '11110': 42, '00011': 41, '00111': 53, '01000': 43, '00101': 67, '00001': 151, '10111': 33, '10001': 138, '01101': 36, '00000': 38, '01110': 50, '10101': 39, '01011': 43, '11010': 33, '11111': 30, '00100': 95, '11001': 103, '10011': 27, '01111': 21, '10100': 46, '11000': 26}",00110,0.13232421875
49,Grover's Algorithm,5,2048,2026-02-10T15:30:07.759Z,2026-02-10T15:30:19.973Z,13306.594,4.122292721,"{'00001': 51, '01100': 151, '11111': 54, '01010': 55, '11100': 98, '11000': 62, '00100': 160, '01111': 93, '11011': 289, '11010': 83, '01110': 31, '10110': 36, '10011': 78, '00011': 37, '01011': 43, '11110': 39, '00010': 16, '01001': 46, '11001': 94, '00110': 33, '10100': 127, '01000': 63, '10111': 38, '10000': 46, '10001': 47, '01101': 21, '10010': 27, '00000': 46, '00111': 30, '11101': 16, '10101': 17, '00101': 21}","Iterations: 1, Target string: 11011","{'q86': {'T1': 0.00039721807036365177, 'T2': 0.0005509760328854822, 'readout_error': 0.0029296875}, 'q77': {'T1': 0.0001811369857474341, 'T2': 0.000277236194846799, 'readout_error': 0.0081787109375}, 'q85': {'T1': 0.0002928719278531122, 'T2': 0.0004120961403618193, 'readout_error': 0.004638671875}, 'q87': {'T1': 0.00036088183461447065, 'T2': 0.0004737540203300544, 'readout_error': 0.0030517578125}, 'q84': {'T1': 0.0002734799500962772, 'T2': 0.000458469745699905, 'readout_error': 0.0030517578125}}","{'00001': 51, '01100': 151, '11111': 54, '01010': 55, '11100': 98, '11000': 62, '00100': 160, '01111': 93, '11011': 289, '11010': 83, '01110': 31, '10110': 36, '10011': 78, '00011': 37, '01011': 43, '11110': 39, '00010': 16, '01001': 46, '11001': 94, '00110': 33, '10100': 127, '01000': 63, '10111': 38, '10000': 46, '10001': 47, '01101': 21, '10010': 27, '00000': 46, '00111': 30, '11101': 16, '10101': 17, '00101': 21}",11011,0.14111328125
50,Grover's Algorithm,5,2048,2026-02-10T15:30:32.926Z,2026-02-10T15:31:07.426Z,35080.125,4.122292721,"{'11111': 40, '01100': 38, '00100': 36, '11000': 58, '00110': 47, '01010': 292, '11101': 134, '01000': 88, '11100': 34, '10101': 110, '01001': 66, '10001': 51, '11110': 73, '00011': 24, '01011': 74, '00101': 144, '11010': 56, '01101': 131, '00000': 42, '10000': 41, '00001': 41, '11001': 50, '10011': 23, '10100': 33, '00010': 65, '10110': 28, '01110': 66, '11011': 39, '00111': 33, '01111': 36, '10010': 29, '10111': 26}","Iterations: 1, Target string: 01010","{'q86': {'T1': 0.00039721807036365177, 'T2': 0.0005509760328854822, 'readout_error': 0.0029296875}, 'q77': {'T1': 0.0001811369857474341, 'T2': 0.000277236194846799, 'readout_error': 0.0081787109375}, 'q85': {'T1': 0.0002928719278531122, 'T2': 0.0004120961403618193, 'readout_error': 0.004638671875}, 'q87': {'T1': 0.00036088183461447065, 'T2': 0.0004737540203300544, 'readout_error': 0.0030517578125}, 'q84': {'T1': 0.0002734799500962772, 'T2': 0.000458469745699905, 'readout_error': 0.0030517578125}}","{'11111': 40, '01100': 38, '00100': 36, '11000': 58, '00110': 47, '01010': 292, '11101': 134, '01000': 88, '11100': 34, '10101': 110, '01001': 66, '10001': 51, '11110': 73, '00011': 24, '01011': 74, '00101': 144, '11010': 56, '01101': 131, '00000': 42, '10000': 41, '00001': 41, '11001': 50, '10011': 23, '10100': 33, '00010': 65, '10110': 28, '01110': 66, '11011': 39, '00111': 33, '01111': 36, '10010': 29, '10111': 26}",01010,0.142578125
51,Grover's Algorithm,5,2048,2026-02-10T15:31:19.607Z,2026-02-10T15:31:27.416Z,8620.362,4.122292721,"{'10101': 54, '11101': 67, '10001': 64, '10011': 37, '11110': 56, '01001': 86, '00000': 37, '00110': 61, '10100': 50, '10010': 27, '01110': 296, '01101': 49, '00001': 60, '01011': 88, '00010': 45, '00111': 61, '01111': 57, '01100': 93, '10110': 26, '11011': 73, '01000': 55, '11100': 51, '00100': 58, '11111': 40, '01010': 87, '10000': 29, '11000': 61, '11001': 94, '10111': 43, '00101': 45, '00011': 37, '11010': 61}","Iterations: 1, Target string: 01110","{'q86': {'T1': 0.00039721807036365177, 'T2': 0.0005509760328854822, 'readout_error': 0.0029296875}, 'q77': {'T1': 0.0001811369857474341, 'T2': 0.000277236194846799, 'readout_error': 0.0081787109375}, 'q85': {'T1': 0.0002928719278531122, 'T2': 0.0004120961403618193, 'readout_error': 0.004638671875}, 'q87': {'T1': 0.00036088183461447065, 'T2': 0.0004737540203300544, 'readout_error': 0.0030517578125}, 'q84': {'T1': 0.0002734799500962772, 'T2': 0.000458469745699905, 'readout_error': 0.0030517578125}}","{'10101': 54, '11101': 67, '10001': 64, '10011': 37, '11110': 56, '01001': 86, '00000': 37, '00110': 61, '10100': 50, '10010': 27, '01110': 296, '01101': 49, '00001': 60, '01011': 88, '00010': 45, '00111': 61, '01111': 57, '01100': 93, '10110': 26, '11011': 73, '01000': 55, '11100': 51, '00100': 58, '11111': 40, '01010': 87, '10000': 29, '11000': 61, '11001': 94, '10111': 43, '00101': 45, '00011': 37, '11010': 61}",01110,0.14453125
52,Grover's Algorithm,5,2048,2026-02-10T15:31:40.111Z,2026-02-10T15:31:45.081Z,5445.929,4.122292721,"{'10010': 39, '10101': 44, '00111': 53, '11011': 74, '01101': 58, '01001': 104, '01100': 55, '00100': 70, '10000': 42, '11010': 81, '11001': 66, '11110': 274, '10111': 54, '10110': 70, '01000': 79, '01011': 53, '11100': 66, '00001': 93, '00011': 46, '00101': 48, '10100': 47, '11000': 66, '01010': 76, '11101': 55, '01110': 50, '10001': 65, '10011': 43, '00010': 26, '00110': 24, '00000': 41, '11111': 52, '01111': 34}","Iterations: 1, Target string: 11110","{'q86': {'T1': 0.00039721807036365177, 'T2': 0.0005509760328854822, 'readout_error': 0.0029296875}, 'q77': {'T1': 0.0001811369857474341, 'T2': 0.000277236194846799, 'readout_error': 0.0081787109375}, 'q85': {'T1': 0.0002928719278531122, 'T2': 0.0004120961403618193, 'readout_error': 0.004638671875}, 'q87': {'T1': 0.00036088183461447065, 'T2': 0.0004737540203300544, 'readout_error': 0.0030517578125}, 'q84': {'T1': 0.0002734799500962772, 'T2': 0.000458469745699905, 'readout_error': 0.0030517578125}}","{'10010': 39, '10101': 44, '00111': 53, '11011': 74, '01101': 58, '01001': 104, '01100': 55, '00100': 70, '10000': 42, '11010': 81, '11001': 66, '11110': 274, '10111': 54, '10110': 70, '01000': 79, '01011': 53, '11100': 66, '00001': 93, '00011': 46, '00101': 48, '10100': 47, '11000': 66, '01010': 76, '11101': 55, '01110': 50, '10001': 65, '10011': 43, '00010': 26, '00110': 24, '00000': 41, '11111': 52, '01111': 34}",11110,0.1337890625
53,Grover's Algorithm,5,2048,2026-02-10T15:31:57.201Z,2026-02-10T15:32:02.096Z,5288.817,4.122292721,"{'11100': 41, '01100': 81, '10001': 31, '01001': 85, '01101': 340, '10100': 52, '11011': 55, '10000': 34, '00101': 75, '01010': 98, '01111': 73, '01000': 78, '01110': 48, '11001': 52, '00010': 91, '00111': 43, '10101': 39, '11010': 83, '11000': 52, '10010': 92, '01011': 43, '11101': 43, '10110': 41, '10011': 33, '11110': 42, '11111': 51, '00000': 35, '10111': 35, '00100': 61, '00001': 54, '00110': 26, '00011': 41}","Iterations: 1, Target string: 01101","{'q86': {'T1': 0.00039721807036365177, 'T2': 0.0005509760328854822, 'readout_error': 0.0029296875}, 'q77': {'T1': 0.0001811369857474341, 'T2': 0.000277236194846799, 'readout_error': 0.0081787109375}, 'q85': {'T1': 0.0002928719278531122, 'T2': 0.0004120961403618193, 'readout_error': 0.004638671875}, 'q87': {'T1': 0.00036088183461447065, 'T2': 0.0004737540203300544, 'readout_error': 0.0030517578125}, 'q84': {'T1': 0.0002734799500962772, 'T2': 0.000458469745699905, 'readout_error': 0.0030517578125}}","{'11100': 41, '01100': 81, '10001': 31, '01001': 85, '01101': 340, '10100': 52, '11011': 55, '10000': 34, '00101': 75, '01010': 98, '01111': 73, '01000': 78, '01110': 48, '11001': 52, '00010': 91, '00111': 43, '10101': 39, '11010': 83, '11000': 52, '10010': 92, '01011': 43, '11101': 43, '10110': 41, '10011': 33, '11110': 42, '11111': 51, '00000': 35, '10111': 35, '00100': 61, '00001': 54, '00110': 26, '00011': 41}",01101,0.166015625
54,Grover's Algorithm,5,2048,2026-02-10T15:32:14.256Z,2026-02-10T15:32:19.768Z,6069.963,4.122292721,"{'01110': 54, '00110': 31, '11111': 36, '11100': 62, '10001': 42, '01000': 56, '01101': 54, '01111': 67, '11001': 89, '10010': 54, '01001': 76, '10100': 81, '01010': 38, '11011': 298, '01011': 61, '00111': 33, '10000': 44, '00001': 48, '01100': 110, '00000': 43, '11000': 83, '11110': 86, '00100': 103, '11010': 56, '10101': 39, '11101': 31, '00101': 48, '10111': 42, '00011': 33, '10110': 41, '10011': 65, '00010': 44}","Iterations: 1, Target string: 11011","{'q86': {'T1': 0.00039721807036365177, 'T2': 0.0005509760328854822, 'readout_error': 0.0029296875}, 'q77': {'T1': 0.0001811369857474341, 'T2': 0.000277236194846799, 'readout_error': 0.0081787109375}, 'q85': {'T1': 0.0002928719278531122, 'T2': 0.0004120961403618193, 'readout_error': 0.004638671875}, 'q87': {'T1': 0.00036088183461447065, 'T2': 0.0004737540203300544, 'readout_error': 0.0030517578125}, 'q84': {'T1': 0.0002734799500962772, 'T2': 0.000458469745699905, 'readout_error': 0.0030517578125}}","{'01110': 54, '00110': 31, '11111': 36, '11100': 62, '10001': 42, '01000': 56, '01101': 54, '01111': 67, '11001': 89, '10010': 54, '01001': 76, '10100': 81, '01010': 38, '11011': 298, '01011': 61, '00111': 33, '10000': 44, '00001': 48, '01100': 110, '00000': 43, '11000': 83, '11110': 86, '00100': 103, '11010': 56, '10101': 39, '11101': 31, '00101': 48, '10111': 42, '00011': 33, '10110': 41, '10011': 65, '00010': 44}",11011,0.1455078125
55,Grover's Algorithm,5,2048,2026-02-10T15:32:32.263Z,2026-02-10T15:32:40.612Z,10066.995,4.122292721,"{'01110': 333, '01011': 64, '01010': 91, '00011': 50, '00001': 84, '01100': 106, '00010': 42, '00110': 62, '01111': 57, '01000': 54, '11001': 87, '00101': 43, '11111': 33, '01101': 62, '01001': 82, '11110': 46, '11011': 54, '10011': 42, '00111': 61, '10110': 27, '10101': 49, '11101': 54, '10111': 37, '00000': 40, '00100': 45, '11010': 61, '11000': 75, '11100': 59, '10001': 54, '10100': 45, '10010': 22, '10000': 27}","Iterations: 1, Target string: 01110","{'q86': {'T1': 0.00039721807036365177, 'T2': 0.0005509760328854822, 'readout_error': 0.0029296875}, 'q77': {'T1': 0.0001811369857474341, 'T2': 0.000277236194846799, 'readout_error': 0.0081787109375}, 'q85': {'T1': 0.0002928719278531122, 'T2': 0.0004120961403618193, 'readout_error': 0.004638671875}, 'q87': {'T1': 0.00036088183461447065, 'T2': 0.0004737540203300544, 'readout_error': 0.0030517578125}, 'q84': {'T1': 0.0002734799500962772, 'T2': 0.000458469745699905, 'readout_error': 0.0030517578125}}","{'01110': 333, '01011': 64, '01010': 91, '00011': 50, '00001': 84, '01100': 106, '00010': 42, '00110': 62, '01111': 57, '01000': 54, '11001': 87, '00101': 43, '11111': 33, '01101': 62, '01001': 82, '11110': 46, '11011': 54, '10011': 42, '00111': 61, '10110': 27, '10101': 49, '11101': 54, '10111': 37, '00000': 40, '00100': 45, '11010': 61, '11000': 75, '11100': 59, '10001': 54, '10100': 45, '10010': 22, '10000': 27}",01110,0.16259765625
56,Grover's Algorithm,5,2048,2026-02-10T15:32:53.841Z,2026-02-10T15:33:06.019Z,12695.92,,"{'01000': 50, '11101': 48, '11000': 65, '11001': 340, '00101': 33, '10110': 73, '11010': 80, '00110': 91, '10001': 75, '10101': 57, '11110': 48, '01111': 44, '01011': 61, '01001': 65, '01110': 98, '00100': 43, '01100': 73, '00001': 46, '10010': 36, '01101': 62, '10111': 49, '10011': 30, '10100': 60, '11111': 36, '10000': 57, '11011': 60, '00010': 36, '00011': 45, '11100': 75, '01010': 45, '00000': 36, '00111': 31}","Iterations: 1, Target string: 11001","{'q86': {'T1': 0.00039721807036365177, 'T2': 0.0005509760328854822, 'readout_error': 0.0029296875}, 'q77': {'T1': 0.0001811369857474341, 'T2': 0.000277236194846799, 'readout_error': 0.0081787109375}, 'q85': {'T1': 0.0002928719278531122, 'T2': 0.0004120961403618193, 'readout_error': 0.004638671875}, 'q87': {'T1': 0.00036088183461447065, 'T2': 0.0004737540203300544, 'readout_error': 0.0030517578125}, 'q84': {'T1': 0.0002734799500962772, 'T2': 0.000458469745699905, 'readout_error': 0.0030517578125}}","{'01000': 50, '11101': 48, '11000': 65, '11001': 340, '00101': 33, '10110': 73, '11010': 80, '00110': 91, '10001': 75, '10101': 57, '11110': 48, '01111': 44, '01011': 61, '01001': 65, '01110': 98, '00100': 43, '01100': 73, '00001': 46, '10010': 36, '01101': 62, '10111': 49, '10011': 30, '10100': 60, '11111': 36, '10000': 57, '11011': 60, '00010': 36, '00011': 45, '11100': 75, '01010': 45, '00000': 36, '00111': 31}",11001,0.166015625
57,Grover's Algorithm,5,2048,2026-02-10T15:33:18.215Z,2026-02-10T15:33:33.200Z,15597.516,4.122292721,"{'11110': 44, '00110': 265, '01011': 35, '01110': 50, '01001': 96, '00011': 88, '10100': 59, '00100': 99, '00101': 71, '00010': 77, '11000': 52, '10010': 46, '10001': 73, '10101': 56, '10011': 58, '11101': 54, '00111': 76, '01100': 52, '01101': 33, '01010': 60, '10110': 30, '00001': 71, '11011': 39, '01000': 59, '11001': 94, '11111': 38, '10111': 36, '01111': 44, '11010': 37, '10000': 59, '11100': 48, '00000': 49}","Iterations: 1, Target string: 00110","{'q86': {'T1': 0.00039721807036365177, 'T2': 0.0005509760328854822, 'readout_error': 0.0029296875}, 'q77': {'T1': 0.0001811369857474341, 'T2': 0.000277236194846799, 'readout_error': 0.0081787109375}, 'q85': {'T1': 0.0002928719278531122, 'T2': 0.0004120961403618193, 'readout_error': 0.004638671875}, 'q87': {'T1': 0.00036088183461447065, 'T2': 0.0004737540203300544, 'readout_error': 0.0030517578125}, 'q84': {'T1': 0.0002734799500962772, 'T2': 0.000458469745699905, 'readout_error': 0.0030517578125}}","{'11110': 44, '00110': 265, '01011': 35, '01110': 50, '01001': 96, '00011': 88, '10100': 59, '00100': 99, '00101': 71, '00010': 77, '11000': 52, '10010': 46, '10001': 73, '10101': 56, '10011': 58, '11101': 54, '00111': 76, '01100': 52, '01101': 33, '01010': 60, '10110': 30, '00001': 71, '11011': 39, '01000': 59, '11001': 94, '11111': 38, '10111': 36, '01111': 44, '11010': 37, '10000': 59, '11100': 48, '00000': 49}",00110,0.12939453125
58,Grover's Algorithm,5,2048,2026-02-10T15:33:45.651Z,2026-02-10T15:33:57.979Z,13031.874,4.122292721,"{'01100': 334, '01001': 62, '01101': 57, '00110': 56, '11100': 55, '11010': 57, '10011': 80, '11011': 78, '10101': 40, '11000': 64, '00011': 72, '10000': 48, '10010': 22, '01111': 66, '00000': 62, '01110': 71, '10001': 40, '00101': 45, '01010': 53, '00100': 73, '00010': 38, '10111': 45, '11001': 67, '00001': 36, '00111': 43, '10110': 44, '10100': 28, '01000': 91, '11101': 48, '01011': 64, '11111': 58, '11110': 51}","Iterations: 1, Target string: 01100","{'q86': {'T1': 0.00039721807036365177, 'T2': 0.0005509760328854822, 'readout_error': 0.0029296875}, 'q77': {'T1': 0.0001811369857474341, 'T2': 0.000277236194846799, 'readout_error': 0.0081787109375}, 'q85': {'T1': 0.0002928719278531122, 'T2': 0.0004120961403618193, 'readout_error': 0.004638671875}, 'q87': {'T1': 0.00036088183461447065, 'T2': 0.0004737540203300544, 'readout_error': 0.0030517578125}, 'q84': {'T1': 0.0002734799500962772, 'T2': 0.000458469745699905, 'readout_error': 0.0030517578125}}","{'01100': 334, '01001': 62, '01101': 57, '00110': 56, '11100': 55, '11010': 57, '10011': 80, '11011': 78, '10101': 40, '11000': 64, '00011': 72, '10000': 48, '10010': 22, '01111': 66, '00000': 62, '01110': 71, '10001': 40, '00101': 45, '01010': 53, '00100': 73, '00010': 38, '10111': 45, '11001': 67, '00001': 36, '00111': 43, '10110': 44, '10100': 28, '01000': 91, '11101': 48, '01011': 64, '11111': 58, '11110': 51}",01100,0.1630859375
59,Grover's Algorithm,5,2048,2026-02-10T15:34:10.345Z,2026-02-10T15:34:17.785Z,7867.224,4.122292721,"{'10100': 48, '00011': 71, '00100': 95, '00110': 270, '11101': 74, '11100': 60, '01101': 28, '10000': 36, '01100': 53, '01001': 93, '00010': 91, '11111': 45, '00000': 67, '10001': 79, '10011': 80, '01011': 44, '11001': 93, '00001': 77, '01010': 51, '01000': 82, '11000': 37, '00111': 57, '01111': 47, '00101': 72, '10010': 38, '10111': 41, '10101': 42, '01110': 63, '11010': 23, '11011': 31, '11110': 32, '10110': 28}","Iterations: 1, Target string: 00110","{'q86': {'T1': 0.00039721807036365177, 'T2': 0.0005509760328854822, 'readout_error': 0.0029296875}, 'q77': {'T1': 0.0001811369857474341, 'T2': 0.000277236194846799, 'readout_error': 0.0081787109375}, 'q85': {'T1': 0.0002928719278531122, 'T2': 0.0004120961403618193, 'readout_error': 0.004638671875}, 'q87': {'T1': 0.00036088183461447065, 'T2': 0.0004737540203300544, 'readout_error': 0.0030517578125}, 'q84': {'T1': 0.0002734799500962772, 'T2': 0.000458469745699905, 'readout_error': 0.0030517578125}}","{'10100': 48, '00011': 71, '00100': 95, '00110': 270, '11101': 74, '11100': 60, '01101': 28, '10000': 36, '01100': 53, '01001': 93, '00010': 91, '11111': 45, '00000': 67, '10001': 79, '10011': 80, '01011': 44, '11001': 93, '00001': 77, '01010': 51, '01000': 82, '11000': 37, '00111': 57, '01111': 47, '00101': 72, '10010': 38, '10111': 41, '10101': 42, '01110': 63, '11010': 23, '11011': 31, '11110': 32, '10110': 28}",00110,0.1318359375
